Strategy,Cumulative Return (%),Annualized Return (%),Annualized Volatility (%),Sharpe Ratio,Maximum Drawdown (%),Final Portfolio Value
Buy and Hold,1117.928396182685,24.62045627934517,28.563646492705246,0.8619507386578885,-38.51554365653861,1216711.7226209946
SMA Crossover (20/50),235.11849448349068,11.23562106226126,19.571915816931376,0.5740685331956432,-29.79077546581332,335118.49448349065
